category,original_url,repo_path,refs,linking_pages,wayback_search,examples
ARTICLE,http://www.alljapaneseallthetime.com/blog/mfsp/,blog/mfsp,7,7,https://web.archive.org/web/*/http://www.alljapaneseallthetime.com/blog/mfsp/,blog/cantonese-mini-transcript-star-wars-clone-wars-mace-windu/feed/index.html | blog/cantonese-mini-transcript-star-wars-clone-wars-mace-windu/index.html | blog/category/all-star-comments/feed/index.html | blog/category/sentences/feed/index.html | blog/for-jta-eyes-only-the-couch-potato-starter-pack/index.html
ARTICLE,http://www.alljapaneseallthetime.com/blog/ssinfo/,blog/ssinfo,7,7,https://web.archive.org/web/*/http://www.alljapaneseallthetime.com/blog/ssinfo/,blog/dont-improve-yourself-stop-trying-to-become-a-better-person/index.html | blog/series/mediocre-excellence/feed/index.html | blog/silverspoon-bigboi-the-silverspoon-for-post-rtkers/index.html | blog/silverspoon-legacy/index.html | blog/sinospoon-silverspoon-for-mandarin-its-what-marco-polo-wished-hed-had/index.html
ARTICLE,http://www.alljapaneseallthetime.com/blog/khatzumemo/,khatzumemo,7,5,https://web.archive.org/web/*/http://www.alljapaneseallthetime.com/blog/khatzumemo/,blog/cookies/index.html | blog/disruptive-ads-removed/index.html | blog/khatzumemo-cellphone-drive/index.html | blog/khatzumemo-like-supermemomnemosyne-but-web-based/index.html | blog/programming-break/index.html
ARTICLE,http://www.alljapaneseallthetime.com/blog/imx/,blog/imx,12,3,https://web.archive.org/web/*/http://www.alljapaneseallthetime.com/blog/imx/,blog/how-to-read-and-write-awesome-japanese-text-sms-messages/index.html | blog/the-halloween-horror-sentence-pack/index.html | blog/the-trumpinator/index.html
ARTICLE,http://www.alljapaneseallthetime.com/blog/twitter/,blog/twitter,3,3,https://web.archive.org/web/*/http://www.alljapaneseallthetime.com/blog/twitter/,blog/series/timeboxing-trilogy/feed/index.html | blog/timeboxing-trilogy-part-7-qa-2-or-isnt-timeboxing-just-a-waste-of-time/index.html | blog/url-shuffler/index.html
ARTICLE,http://www.alljapaneseallthetime.com/blog/toc/,blog/toc,8,2,https://web.archive.org/web/*/http://www.alljapaneseallthetime.com/blog/toc/,blog/lard-the-little-red-dao-of-ajatt-yours-is-here/index.html | blog/the-little-red-dao-of-ajatt/index.html
ARTICLE,http://www.alljapaneseallthetime.com/blog/世界読書コンクール／international-l2-reading-contest/,世界読書コンクール／international-l2-reading-contest,4,2,https://web.archive.org/web/*/http://www.alljapaneseallthetime.com/blog/%E4%B8%96%E7%95%8C%E8%AA%AD%E6%9B%B8%E3%82%B3%E3%83%B3%E3%82%AF%E3%83%BC%E3%83%AB%EF%BC%8Finternational-l2-reading-contest/,blog/read-more-or-die-readmod多読-a-foreign-language-extensive-reading-contest-2013-edition/index.html | blog/read-more-or-die-readmod多読-a-foreign-language-extensive-reading-contest-2014-edition/index.html
ARTICLE,http://www.alljapaneseallthetime.com/blog/dick-and-jane/,dick-and-jane,2,2,https://web.archive.org/web/*/http://www.alljapaneseallthetime.com/blog/dick-and-jane/,blog/dick-and-jane/feed/index.html | blog/dick-and-jane/index.html
ARTICLE,http://www.alljapaneseallthetime.com/blog/hanzimem/,hanzimem,2,2,https://web.archive.org/web/*/http://www.alljapaneseallthetime.com/blog/hanzimem/,blog/hanzi-mnemonics-project/index.html | blog/housekeeping-friday/index.html
ARTICLE,http://www.alljapaneseallthetime.com/blog/language-is-friendship-and-familiarity/,language-is-friendship-and-familiarity,2,2,https://web.archive.org/web/*/http://www.alljapaneseallthetime.com/blog/language-is-friendship-and-familiarity/,blog/read-more-or-die-readmod多読-a-foreign-language-extensive-reading-contest-2013-edition/index.html | blog/read-more-or-die-readmod多読-a-foreign-language-extensive-reading-contest-2014-edition/index.html
ARTICLE,http://www.alljapaneseallthetime.com/blog/stephen-krashen-on-reading/,stephen-krashen-on-reading,2,2,https://web.archive.org/web/*/http://www.alljapaneseallthetime.com/blog/stephen-krashen-on-reading/,blog/read-more-or-die-readmod多読-a-foreign-language-extensive-reading-contest-2013-edition/index.html | blog/read-more-or-die-readmod多読-a-foreign-language-extensive-reading-contest-2014-edition/index.html
ARTICLE,http://www.alljapaneseallthetime.com/blog/ff/,blog/ff,1,1,https://web.archive.org/web/*/http://www.alljapaneseallthetime.com/blog/ff/,blog/ajatt-twitter-tweets-for-week-of-2010-12-12/index.html
ARTICLE,http://www.alljapaneseallthetime.com/blog/index531b-2.html,blog/index531b-2.html,1,1,https://web.archive.org/web/*/http://www.alljapaneseallthetime.com/blog/index531b-2.html,blog/ajatt-twitter-tweets-for-week-of-2011-06-26-2/index.html
ARTICLE,http://www.alljapaneseallthetime.com/blog/index4f9f-2.html,blog/index4f9f-2.html,1,1,https://web.archive.org/web/*/http://www.alljapaneseallthetime.com/blog/index4f9f-2.html,blog/ajatt-twitter-tweets-for-week-of-2012-03-04-2/index.html
ARTICLE,http://www.alljapaneseallthetime.com/blog/index2af5-2.html,blog/index2af5-2.html,1,1,https://web.archive.org/web/*/http://www.alljapaneseallthetime.com/blog/index2af5-2.html,blog/ajatt-twitter-tweets-for-week-of-2012-05-20/index.html
ARTICLE,http://www.alljapaneseallthetime.com/blog/indexa469-2.html,blog/indexa469-2.html,1,1,https://web.archive.org/web/*/http://www.alljapaneseallthetime.com/blog/indexa469-2.html,blog/ajatt-twitter-tweets-for-week-of-2012-06-03-2/index.html
ARTICLE,http://www.alljapaneseallthetime.com/blog/all-japanese-all-the-time-ajatt-how-to-learn-japanese-on-y&/,all-japanese-all-the-time-ajatt-how-to-learn-japanese-on-y&,1,1,https://web.archive.org/web/*/http://www.alljapaneseallthetime.com/blog/all-japanese-all-the-time-ajatt-how-to-learn-japanese-on-y%26/,blog/all-japanese-all-the-time-ajatt-how-to-learn-japanese-on-your-own-having-fun-and-to-fluency/feed/index.html
ARTICLE,http://www.alljapaneseallthetime.com/blog/index5034-2.html,blog/index5034-2.html,1,1,https://web.archive.org/web/*/http://www.alljapaneseallthetime.com/blog/index5034-2.html,blog/awesome-japanese-rap-music-from-the-past-couple-of-years-2019-edition/index.html
ARTICLE,http://www.alljapaneseallthetime.com/blog/dick-and-jane-episode-13/,dick-and-jane-episode-13,1,1,https://web.archive.org/web/*/http://www.alljapaneseallthetime.com/blog/dick-and-jane-episode-13/,blog/category/dick-and-jane/feed/index.html
ARTICLE,http://www.alljapaneseallthetime.com/blog/chinese-content-bonanza -/,chinese-content-bonanza -,1,1,https://web.archive.org/web/*/http://www.alljapaneseallthetime.com/blog/chinese-content-bonanza%C2%A0-/,blog/chinese-content-bonanza/feed/index.html
ARTICLE,http://www.alljapaneseallthetime.com/blog/chinese-project-notes-10-big-developments-anki-text-to-spe/,chinese-project-notes-10-big-developments-anki-text-to-spe,1,1,https://web.archive.org/web/*/http://www.alljapaneseallthetime.com/blog/chinese-project-notes-10-big-developments-anki-text-to-spe/,blog/chinese-project-notes-10-big-developments-anki-text-to-speech-cantonese-victory-calendar/feed/index.html
ARTICLE,http://www.alljapaneseallthetime.com/blog/dick-and-jane-episode-13.html,blog/dick-and-jane-episode-13.html,1,1,https://web.archive.org/web/*/http://www.alljapaneseallthetime.com/blog/dick-and-jane-episode-13.html,blog/dick-and-jane-episode-12/index.html
ARTICLE,http://www.alljapaneseallthetime.com/blog/index9f0c-2.html,blog/index9f0c-2.html,1,1,https://web.archive.org/web/*/http://www.alljapaneseallthetime.com/blog/index9f0c-2.html,blog/how-and-why-the-principle-of-proportionality-works/index.html
ARTICLE,http://www.alljapaneseallthetime.com/blog/how-to-accomplish-great-things-small-victories-winnable-ga/,how-to-accomplish-great-things-small-victories-winnable-ga,1,1,https://web.archive.org/web/*/http://www.alljapaneseallthetime.com/blog/how-to-accomplish-great-things-small-victories-winnable-ga/,blog/how-to-accomplish-great-things-small-victories-winnable-games/feed/index.html
ARTICLE,http://www.alljapaneseallthetime.com/blog/just-do-one-lowering-your-standards-and-using-patterns-fro/,just-do-one-lowering-your-standards-and-using-patterns-fro,1,1,https://web.archive.org/web/*/http://www.alljapaneseallthetime.com/blog/just-do-one-lowering-your-standards-and-using-patterns-fro/,blog/just-do-one-lowering-your-standards-and-using-patterns-from-addictions-to-achieve-success/feed/index.html
ARTICLE,http://www.alljapaneseallthetime.com/blog/khatzumemo-dev/,khatzumemo-dev,1,1,https://web.archive.org/web/*/http://www.alljapaneseallthetime.com/blog/khatzumemo-dev/,blog/khatzumemo-cellphone-drive/index.html
ARTICLE,http://www.alljapaneseallthetime.com/blog/index0863-2.html,blog/index0863-2.html,1,1,https://web.archive.org/web/*/http://www.alljapaneseallthetime.com/blog/index0863-2.html,blog/learning-a-language-is-good-but-not-for-the-reasons-you-think/index.html
ARTICLE,http://www.alljapaneseallthetime.com/blog/logical-reasons-to-learn-a-l/,logical-reasons-to-learn-a-l,1,1,https://web.archive.org/web/*/http://www.alljapaneseallthetime.com/blog/logical-reasons-to-learn-a-l/,blog/logical-reasons-to-learn-a-language/feed/index.html
ARTICLE,http://www.alljapaneseallthetime.com/blog/indexda6e-2.html,blog/indexda6e-2.html,1,1,https://web.archive.org/web/*/http://www.alljapaneseallthetime.com/blog/indexda6e-2.html,blog/progress-over-perfection/index.html
ARTICLE,http://www.alljapaneseallthetime.com/blog/further-reading-on-どんだけ/,further-reading-on-どんだけ,1,1,https://web.archive.org/web/*/http://www.alljapaneseallthetime.com/blog/further-reading-on-%E3%81%A9%E3%82%93%E3%81%A0%E3%81%91/,blog/read-more-or-die-readmod多読-a-foreign-language-extensive-reading-contest-2013-edition/index.html
ARTICLE,http://www.alljapaneseallthetime.com/blog/read-more-or-die-readmod多読-a-foreign-language-extensive-reading-contest-2014-edition/,read-more-or-die-readmod多読-a-foreign-language-extensive-reading-contest-2014-edition/index.html,1,1,https://web.archive.org/web/*/http://www.alljapaneseallthetime.com/blog/read-more-or-die-readmod%E5%A4%9A%E8%AA%AD-a-foreign-language-extensive-reading-contest-2014-edition/,blog/read-more-or-die-readmod多読-a-foreign-language-extensive-reading-contest-2013-edition/index.html
ARTICLE,http://www.alljapaneseallthetime.com/blog/stop-with-the-resolutions-start-with-the-crack/,stop-with-the-resolutions-start-with-the-crack,1,1,https://web.archive.org/web/*/http://www.alljapaneseallthetime.com/blog/stop-with-the-resolutions-start-with-the-crack/,blog/read-more-or-die-readmod多読-a-foreign-language-extensive-reading-contest-2013-edition/index.html
ARTICLE,http://www.alljapaneseallthetime.com/blog/the-ten-commandments-of-ajatt/,the-ten-commandments-of-ajatt,1,1,https://web.archive.org/web/*/http://www.alljapaneseallthetime.com/blog/the-ten-commandments-of-ajatt/,blog/read-more-or-die-readmod多読-a-foreign-language-extensive-reading-contest-2013-edition/index.html
ARTICLE,http://www.alljapaneseallthetime.com/blog/ajatt-best-of-2013/,ajatt-best-of-2013,1,1,https://web.archive.org/web/*/http://www.alljapaneseallthetime.com/blog/ajatt-best-of-2013/,blog/read-more-or-die-readmod多読-a-foreign-language-extensive-reading-contest-2014-edition/index.html
ARTICLE,http://www.alljapaneseallthetime.com/blog/dont-think-of-it-as-a-new-year-think-of-it-as-a-new-day/,dont-think-of-it-as-a-new-year-think-of-it-as-a-new-day,1,1,https://web.archive.org/web/*/http://www.alljapaneseallthetime.com/blog/dont-think-of-it-as-a-new-year-think-of-it-as-a-new-day/,blog/read-more-or-die-readmod多読-a-foreign-language-extensive-reading-contest-2014-edition/index.html
ARTICLE,http://www.alljapaneseallthetime.com/blog/language-is-murder/,language-is-murder,1,1,https://web.archive.org/web/*/http://www.alljapaneseallthetime.com/blog/language-is-murder/,blog/read-more-or-die-readmod多読-a-foreign-language-extensive-reading-contest-2014-edition/index.html
ARTICLE,http://www.alljapaneseallthetime.com/blog/read-more-or-die-readmod多読-a-foreign-language-extensive-reading-contest-2013-edition/,read-more-or-die-readmod多読-a-foreign-language-extensive-reading-contest-2013-edition,1,1,https://web.archive.org/web/*/http://www.alljapaneseallthetime.com/blog/read-more-or-die-readmod%E5%A4%9A%E8%AA%AD-a-foreign-language-extensive-reading-contest-2013-edition/,blog/read-more-or-die-readmod多読-a-foreign-language-extensive-reading-contest-2014-edition/index.html
ARTICLE,http://www.alljapaneseallthetime.com/blog/secrets-to-smoother-srsing-part-1-the-srs-is-a-servant-not-a-masterf587.html,blog/secrets-to-smoother-srsing-part-1-the-srs-is-a-servant-not-a-masterf587.html,1,1,https://web.archive.org/web/*/http://www.alljapaneseallthetime.com/blog/secrets-to-smoother-srsing-part-1-the-srs-is-a-servant-not-a-masterf587.html,blog/secrets-to-smoother-srsing-part-1-the-srs-is-a-servant-not-a-master/index.html
ARTICLE,http://www.alljapaneseallthetime.com/blog/learning-songs-using-the-srs-my-current-method/,learning-songs-using-the-srs-my-current-method,1,1,https://web.archive.org/web/*/http://www.alljapaneseallthetime.com/blog/learning-songs-using-the-srs-my-current-method/,blog/series/why-the-way-we-read-sucks-and-how-to-fix-it/feed/index.html
ARTICLE,http://www.alljapaneseallthetime.com/blog/success-story-ive-finally-figured-out-this-ajatt-thing/,success-story-ive-finally-figured-out-this-ajatt-thing,1,1,https://web.archive.org/web/*/http://www.alljapaneseallthetime.com/blog/success-story-ive-finally-figured-out-this-ajatt-thing/,blog/series/why-the-way-we-read-sucks-and-how-to-fix-it/feed/index.html
ARTICLE,http://www.alljapaneseallthetime.com/blog/indexdba8-2.html,blog/indexdba8-2.html,1,1,https://web.archive.org/web/*/http://www.alljapaneseallthetime.com/blog/indexdba8-2.html,blog/support-ticket-system-code-veronica/index.html
ARTICLE,http://www.alljapaneseallthetime.com/blog/index38f0-2.html,blog/index38f0-2.html,1,1,https://web.archive.org/web/*/http://www.alljapaneseallthetime.com/blog/index38f0-2.html,blog/surusu-bookmarklet-update/index.html
ARTICLE,http://www.alljapaneseallthetime.com/blog/if-youre-trying-to-get-to-point-x-then-the-only-people-whose-opinion-matters-are-those-whove-been-there-and-if-no-one-else-has-ever-been-there-then-no-one-elses-opinion-matters-i/,blog/if-youre-trying-to-get-to-point-x-then-the-only-people-whose-opinion-matters-are-those-whove-been-there-and-if-no-one-else-has-ever-been-there-then-no-one-elses-opinion-matters-i,1,1,https://web.archive.org/web/*/http://www.alljapaneseallthetime.com/blog/if-youre-trying-to-get-to-point-x-then-the-only-people-whose-opinion-matters-are-those-whove-been-there-and-if-no-one-else-has-ever-been-there-then-no-one-elses-opinion-matters-i/,blog/there-is-a-magic-silver-bullet/index.html
ARTICLE,http://www.alljapaneseallthetime.com/blog/why-do-people-who-have-all-the-time-in-the-world-get-nothi/,why-do-people-who-have-all-the-time-in-the-world-get-nothi,1,1,https://web.archive.org/web/*/http://www.alljapaneseallthetime.com/blog/why-do-people-who-have-all-the-time-in-the-world-get-nothi/,blog/why-do-people-who-have-all-the-time-in-the-world-get-nothing-done/feed/index.html
feed,http://www.alljapaneseallthetime.com/blog/grammar-resource/feed/,blog/grammar-resource/feed,1,1,https://web.archive.org/web/*/http://www.alljapaneseallthetime.com/blog/grammar-resource/feed/,blog/grammar-resource/index.html
feed,http://www.alljapaneseallthetime.com/blog/honshitsu-本質-the-thing-itself-true-nature-seeing-beyond-appearances/feed/,honshitsu-本質-the-thing-itself-true-nature-seeing-beyond-appearances/feed,1,1,https://web.archive.org/web/*/http://www.alljapaneseallthetime.com/blog/honshitsu-%E6%9C%AC%E8%B3%AA-the-thing-itself-true-nature-seeing-beyond-appearances/feed/,blog/honshitsu-本質-the-thing-itself-true-nature-seeing-beyond-appearances/index.html
feed,http://www.alljapaneseallthetime.com/blog/if-youre-trying-to-get-to-point-x-then-the-only-people-whose-opinion-matters-are-those-whove-been-there-and-if-no-one-else-has-ever-been-there-then-no-one-elses-opinion-matters-it-doesnt/feed/,if-youre-trying-to-get-to-point-x-then-the-only-people-whose-opinion-matters-are-those-whove-been-there-and-if-no-one-else-has-ever-been-there-then-no-one-elses-opinion-matters-it-doesnt/feed,1,1,https://web.archive.org/web/*/http://www.alljapaneseallthetime.com/blog/if-youre-trying-to-get-to-point-x-then-the-only-people-whose-opinion-matters-are-those-whove-been-there-and-if-no-one-else-has-ever-been-there-then-no-one-elses-opinion-matters-it-doesnt/feed/,blog/if-youre-trying-to-get-to-point-x-then-the-only/feed/index.html
feed,http://www.alljapaneseallthetime.com/blog/immersion-hack-how-to-keep-your-immersion-environment-from-being-destroyed-by-interruptions-or-what-to-do-instead-of-stopping-or-pausing-in-order-to-maintain-icon-immersive-continuity/feed/,immersion-hack-how-to-keep-your-immersion-environment-from-being-destroyed-by-interruptions-or-what-to-do-instead-of-stopping-or-pausing-in-order-to-maintain-icon-immersive-continuity/feed,1,1,https://web.archive.org/web/*/http://www.alljapaneseallthetime.com/blog/immersion-hack-how-to-keep-your-immersion-environment-from-being-destroyed-by-interruptions-or-what-to-do-instead-of-stopping-or-pausing-in-order-to-maintain-icon-immersive-continuity/feed/,blog/immersion-hack-how-to-keep-your-immersion-envir/feed/index.html
feed,http://www.alljapaneseallthetime.com/blog/jss-japanese-sports-sentence-pack-mmaboxing-mayweather-vs-mcgregor-pre-fight-chatter-and-analysis-the-dream-match-of-the-century-is-officially-happening-in-las-vegas-on-august-26/feed/,jss-japanese-sports-sentence-pack-mmaboxing-mayweather-vs-mcgregor-pre-fight-chatter-and-analysis-the-dream-match-of-the-century-is-officially-happening-in-las-vegas-on-august-26/feed,1,1,https://web.archive.org/web/*/http://www.alljapaneseallthetime.com/blog/jss-japanese-sports-sentence-pack-mmaboxing-mayweather-vs-mcgregor-pre-fight-chatter-and-analysis-the-dream-match-of-the-century-is-officially-happening-in-las-vegas-on-august-26/feed/,blog/jss-japanese-sports-sentence-pack-mmaboxing-may/feed/index-2.html
feed,http://www.alljapaneseallthetime.com/blog/jss-japanese-sports-sentence-pack-mmaboxing-mayweather-vs-mcgregor-pre-fight-chatter-and-analysis-the-dream-match-of-the-century-is-officially-happening-in-las-vegas-on-august-26-part/feed/,jss-japanese-sports-sentence-pack-mmaboxing-mayweather-vs-mcgregor-pre-fight-chatter-and-analysis-the-dream-match-of-the-century-is-officially-happening-in-las-vegas-on-august-26-part/feed,1,1,https://web.archive.org/web/*/http://www.alljapaneseallthetime.com/blog/jss-japanese-sports-sentence-pack-mmaboxing-mayweather-vs-mcgregor-pre-fight-chatter-and-analysis-the-dream-match-of-the-century-is-officially-happening-in-las-vegas-on-august-26-part/feed/,blog/jss-japanese-sports-sentence-pack-mmaboxing-may/feed/index.html
feed,http://www.alljapaneseallthetime.com/blog/khatzumoto-you-say-to-imitate-japanese-people-faithfully-but-why-do-you-overuse-kanji-isnt-that-a-bit-of-hypocrisy-also-why-are-your-thighs-so-thick-it-doesnt-really-seem-appropriate-for-a/feed/,khatzumoto-you-say-to-imitate-japanese-people-faithfully-but-why-do-you-overuse-kanji-isnt-that-a-bit-of-hypocrisy-also-why-are-your-thighs-so-thick-it-doesnt-really-seem-appropriate-for-a/feed,1,1,https://web.archive.org/web/*/http://www.alljapaneseallthetime.com/blog/khatzumoto-you-say-to-imitate-japanese-people-faithfully-but-why-do-you-overuse-kanji-isnt-that-a-bit-of-hypocrisy-also-why-are-your-thighs-so-thick-it-doesnt-really-seem-appropriate-for-a/feed/,blog/khatzumoto-you-say-to-imitate-japanese-people-f/feed/index.html
feed,http://www.alljapaneseallthetime.com/blog/ブラじゃない！大胸筋矯正サポーターなんだよ！/feed/,blog/ブラじゃない！大胸筋矯正サポーターなんだよ！/feed,1,1,https://web.archive.org/web/*/http://www.alljapaneseallthetime.com/blog/%E3%83%96%E3%83%A9%E3%81%98%E3%82%83%E3%81%AA%E3%81%84%EF%BC%81%E5%A4%A7%E8%83%B8%E7%AD%8B%E7%9F%AF%E6%AD%A3%E3%82%B5%E3%83%9D%E3%83%BC%E3%82%BF%E3%83%BC%E3%81%AA%E3%82%93%E3%81%A0%E3%82%88%EF%BC%81/feed/,blog/ブラじゃない！大胸筋矯正サポーターなんだよ！/index.html
feed,http://www.alljapaneseallthetime.com/blog/日本語上等pod…cast-episode-2-script-manga/feed/,blog/日本語上等pod…cast-episode-2-script-manga/feed,1,1,https://web.archive.org/web/*/http://www.alljapaneseallthetime.com/blog/%E6%97%A5%E6%9C%AC%E8%AA%9E%E4%B8%8A%E7%AD%89pod%E2%80%A6cast-episode-2-script-manga/feed/,blog/日本語上等pod…cast-episode-2-script-manga/index.html
feed,http://www.alljapaneseallthetime.com/blog/陳冠希万歳！/feed/,blog/陳冠希万歳！/feed,1,1,https://web.archive.org/web/*/http://www.alljapaneseallthetime.com/blog/%E9%99%B3%E5%86%A0%E5%B8%8C%E4%B8%87%E6%AD%B3%EF%BC%81/feed/,blog/陳冠希万歳！/index.html
taxonomy/category,http://www.alljapaneseallthetime.com/blog/category/ajatt-plus/,blog/category/ajatt-plus,6,4,https://web.archive.org/web/*/http://www.alljapaneseallthetime.com/blog/category/ajatt-plus/,blog/ajatt-plus-is-here-and-things-that-once-were-forbidden-are-no-longer-forbidden/index.html | blog/paypal-payment-confirmation/index.html | blog/「光の雨」を見終わっ/index.html | blog/お巫山戯、日本語で-japanese-babies-that-suck-even-harder-than-you/index.html
taxonomy/category,http://www.alljapaneseallthetime.com/blog/category/日本語/,blog/category/日本語,6,3,https://web.archive.org/web/*/http://www.alljapaneseallthetime.com/blog/category/%E6%97%A5%E6%9C%AC%E8%AA%9E/,blog/ジブリ、嫌い/index.html | blog/ブラじゃない！大胸筋矯正サポーターなんだよ！/index.html | blog/陳冠希万歳！/index.html
taxonomy/category,http://www.alljapaneseallthetime.com/blog/category/the-method/,blog/category/the-method,2,1,https://web.archive.org/web/*/http://www.alljapaneseallthetime.com/blog/category/the-method/,blog/grammar-resource/index.html
taxonomy/category,http://www.alljapaneseallthetime.com/blog/category/lard/,blog/category/lard,2,1,https://web.archive.org/web/*/http://www.alljapaneseallthetime.com/blog/category/lard/,blog/lard-the-little-red-dao-of-ajatt-yours-is-here/index.html
taxonomy/category,http://www.alljapaneseallthetime.com/blog/category/qrg/,blog/category/qrg,2,1,https://web.archive.org/web/*/http://www.alljapaneseallthetime.com/blog/category/qrg/,blog/lard-the-little-red-dao-of-ajatt-yours-is-here/index.html
taxonomy/category,http://www.alljapaneseallthetime.com/blog/category/immersion/,blog/category/immersion,2,1,https://web.archive.org/web/*/http://www.alljapaneseallthetime.com/blog/category/immersion/,blog/お巫山戯、日本語で-japanese-babies-that-suck-even-harder-than-you/index.html
taxonomy/category,http://www.alljapaneseallthetime.com/blog/category/speaking/,blog/category/speaking,2,1,https://web.archive.org/web/*/http://www.alljapaneseallthetime.com/blog/category/speaking/,blog/お巫山戯、日本語で-japanese-babies-that-suck-even-harder-than-you/index.html
taxonomy/category,http://www.alljapaneseallthetime.com/blog/category/video/,blog/category/video,2,1,https://web.archive.org/web/*/http://www.alljapaneseallthetime.com/blog/category/video/,blog/お巫山戯、日本語で-japanese-babies-that-suck-even-harder-than-you/index.html
taxonomy/category,http://www.alljapaneseallthetime.com/blog/category/tv/,blog/category/tv,2,1,https://web.archive.org/web/*/http://www.alljapaneseallthetime.com/blog/category/tv/,blog/ブラじゃない！大胸筋矯正サポーターなんだよ！/index.html
taxonomy/series,http://www.alljapaneseallthetime.com/blog/series/neutrino-fall-round-2013/,blog/series/neutrino-fall-round-2013,12,6,https://web.archive.org/web/*/http://www.alljapaneseallthetime.com/blog/series/neutrino-fall-round-2013/,blog/for-waiting-list-eyes-only-grace-is-having-her-period/index.html | blog/for-waiting-list-eyes-only-neutrino-fall-round-2013-general-info/index.html | blog/for-waiting-list-eyes-only-neutrino-fall-round-2013-starts-in-less-than-24-hours/index.html | blog/for-waiting-list-eyes-only-neutrino-fall-round-2013-starts-in-less-than-48-hours/index.html | blog/for-waiting-list-eyes-only-neutrino-fall-round-2013-starts-in-less-than-72-hours/index.html
taxonomy/series,http://www.alljapaneseallthetime.com/blog/series/best-of-ajatt-forum/10000-sentences-how/,blog/series/best-of-ajatt-forum/10000-sentences-how,1,1,https://web.archive.org/web/*/http://www.alljapaneseallthetime.com/blog/series/best-of-ajatt-forum/10000-sentences-how/,blog/series/best-of-ajatt-forum/feed/index.html
taxonomy/series,http://www.alljapaneseallthetime.com/blog/series/mcd-revolution/10000-sentences-how/,blog/series/mcd-revolution/10000-sentences-how,1,1,https://web.archive.org/web/*/http://www.alljapaneseallthetime.com/blog/series/mcd-revolution/10000-sentences-how/,blog/series/mcd-revolution/feed/index.html
taxonomy/series,http://www.alljapaneseallthetime.com/blog/series/mediocre-excellence/feed/zh.wikipedia.org/zh-tw/邓小平/,blog/series/mediocre-excellence/feed/zh.wikipedia.org/zh-tw/邓小平,1,1,https://web.archive.org/web/*/http://www.alljapaneseallthetime.com/blog/series/mediocre-excellence/feed/zh.wikipedia.org/zh-tw/%E9%82%93%E5%B0%8F%E5%B9%B3/,blog/series/mediocre-excellence/feed/index.html
taxonomy/author,http://www.alljapaneseallthetime.com/blog/author/adminprime/,author/adminprime,2,2,https://web.archive.org/web/*/http://www.alljapaneseallthetime.com/blog/author/adminprime/,blog/read-more-or-die-readmod多読-a-foreign-language-extensive-reading-contest-2013-edition/index.html | blog/read-more-or-die-readmod多読-a-foreign-language-extensive-reading-contest-2014-edition/index.html
taxonomy/author,http://www.alljapaneseallthetime.com/blog/author/emilytaylor/10000-sentences-how/,blog/author/emilytaylor/10000-sentences-how,1,1,https://web.archive.org/web/*/http://www.alljapaneseallthetime.com/blog/author/emilytaylor/10000-sentences-how/,blog/author/emilytaylor/feed/index.html
taxonomy/author,http://www.alljapaneseallthetime.com/blog/author/admin/,author/admin,1,1,https://web.archive.org/web/*/http://www.alljapaneseallthetime.com/blog/author/admin/,blog/ghost-in-the-shell-japanese-dialog-transcript/feed/index.html
wp-internal,http://www.alljapaneseallthetime.com/blog/wp-admin/Podcasts: Simulate Real Japanese Friends/,wp-admin/Podcasts: Simulate Real Japanese Friends,1,1,https://web.archive.org/web/*/http://www.alljapaneseallthetime.com/blog/wp-admin/Podcasts:%20Simulate%20Real%20Japanese%20Friends/,blog/podcasts-simulate-real-japanese-friends/feed/index.html
other,http://www.alljapaneseallthetime.com/blog/tools/linx/,blog/tools/linx,6,6,https://web.archive.org/web/*/http://www.alljapaneseallthetime.com/blog/tools/linx/,blog/archives/page/4/index.html | blog/author/adminprime/page/4/index.html | blog/category/general/feed/index.html | blog/entropy-fight-the-power/index.html | blog/linkmixer-finding-good-immersion-material-on-the-fly/index.html
other,http://www.alljapaneseallthetime.com/blog/unclean-why-would-ajatt-do-a-tie-in-with-other-people’s-stuff/index-2.html,blog/unclean-why-would-ajatt-do-a-tie-in-with-other-people’s-stuff/index-2.html,5,3,https://web.archive.org/web/*/http://www.alljapaneseallthetime.com/blog/unclean-why-would-ajatt-do-a-tie-in-with-other-people%E2%80%99s-stuff/index-2.html,blog/intermediate-goals-mini-dreams/index.html | blog/kwanzaa-miracle-ends-in-24-hours/index.html | blog/you-deserve-a-kwanzaa-miracle-the-golden-kwanzaa-key-of-uncommercialized-righteousness/index.html
other,http://www.alljapaneseallthetime.com/blog/for-jta-eyes-only-the-couch-potato-starter-pack/www.alljapaneseallthetime.com/blog/how-to-be-angry-snarky-hyperbolic-emotional-witty-petulant-and-sarcastic-in-japanese/,blog/for-jta-eyes-only-the-couch-potato-starter-pack/www.alljapaneseallthetime.com/blog/how-to-be-angry-snarky-hyperbolic-emotional-witty-petulant-and-sarcastic-in-japanese,2,1,https://web.archive.org/web/*/http://www.alljapaneseallthetime.com/blog/for-jta-eyes-only-the-couch-potato-starter-pack/www.alljapaneseallthetime.com/blog/how-to-be-angry-snarky-hyperbolic-emotional-witty-petulant-and-sarcastic-in-japanese/,blog/for-jta-eyes-only-the-couch-potato-starter-pack/index.html
other,http://www.alljapaneseallthetime.com/blog/for-jta-eyes-only-the-couch-potato-starter-pack/www.alljapaneseallthetime.com/blog/the-halloween-horror-sentence-pack/,blog/for-jta-eyes-only-the-couch-potato-starter-pack/www.alljapaneseallthetime.com/blog/the-halloween-horror-sentence-pack,2,1,https://web.archive.org/web/*/http://www.alljapaneseallthetime.com/blog/for-jta-eyes-only-the-couch-potato-starter-pack/www.alljapaneseallthetime.com/blog/the-halloween-horror-sentence-pack/,blog/for-jta-eyes-only-the-couch-potato-starter-pack/index.html
other,http://www.alljapaneseallthetime.com/blog/can-timeboxing-help-me-do-real-big-things/feed/timeboxing-trilogy-part-10-timeboxing-tony-schwartz-and-recovery/,blog/can-timeboxing-help-me-do-real-big-things/feed/timeboxing-trilogy-part-10-timeboxing-tony-schwartz-and-recovery,1,1,https://web.archive.org/web/*/http://www.alljapaneseallthetime.com/blog/can-timeboxing-help-me-do-real-big-things/feed/timeboxing-trilogy-part-10-timeboxing-tony-schwartz-and-recovery/,blog/can-timeboxing-help-me-do-real-big-things/feed/index.html
other,http://www.alljapaneseallthetime.com/blog/data/yodobashi_camera_mgs4_wait1/,data/yodobashi_camera_mgs4_wait1,1,1,https://web.archive.org/web/*/http://www.alljapaneseallthetime.com/blog/data/yodobashi_camera_mgs4_wait1/,blog/category/life-in-japan/feed/index.html
other,http://www.alljapaneseallthetime.com/blog/for-jta-eyes-only-the-couch-potato-starter-pack/www.alljapaneseallthetime.com/blog/the-little-red-dao-of-ajatt/,blog/for-jta-eyes-only-the-couch-potato-starter-pack/www.alljapaneseallthetime.com/blog/the-little-red-dao-of-ajatt,1,1,https://web.archive.org/web/*/http://www.alljapaneseallthetime.com/blog/for-jta-eyes-only-the-couch-potato-starter-pack/www.alljapaneseallthetime.com/blog/the-little-red-dao-of-ajatt/,blog/for-jta-eyes-only-the-couch-potato-starter-pack/index.html
other,http://www.alljapaneseallthetime.com/blog/ghost-in-the-shell-japanese-dialog-transcript/feed/gispki.myhome.cx/modules/bwiki/,blog/ghost-in-the-shell-japanese-dialog-transcript/feed/gispki.myhome.cx/modules/bwiki,1,1,https://web.archive.org/web/*/http://www.alljapaneseallthetime.com/blog/ghost-in-the-shell-japanese-dialog-transcript/feed/gispki.myhome.cx/modules/bwiki/,blog/ghost-in-the-shell-japanese-dialog-transcript/feed/index.html
other,http://www.alljapaneseallthetime.com/blog/ghost-in-the-shell-japanese-dialog-transcript/gispki.myhome.cx/modules/bwiki/,blog/ghost-in-the-shell-japanese-dialog-transcript/gispki.myhome.cx/modules/bwiki,1,1,https://web.archive.org/web/*/http://www.alljapaneseallthetime.com/blog/ghost-in-the-shell-japanese-dialog-transcript/gispki.myhome.cx/modules/bwiki/,blog/ghost-in-the-shell-japanese-dialog-transcript/index.html
other,http://www.alljapaneseallthetime.com/blog/grammar-resource/trackback/,blog/grammar-resource/trackback,1,1,https://web.archive.org/web/*/http://www.alljapaneseallthetime.com/blog/grammar-resource/trackback/,blog/grammar-resource/index.html
other,http://www.alljapaneseallthetime.com/blog/how-to-make-the-transition-to-monolingual-dictionaries/feed/how-to-really-make-the-transition-to-monolingual-dictionaries/,blog/how-to-make-the-transition-to-monolingual-dictionaries/feed/how-to-really-make-the-transition-to-monolingual-dictionaries,1,1,https://web.archive.org/web/*/http://www.alljapaneseallthetime.com/blog/how-to-make-the-transition-to-monolingual-dictionaries/feed/how-to-really-make-the-transition-to-monolingual-dictionaries/,blog/how-to-make-the-transition-to-monolingual-dictionaries/feed/index.html
other,http://www.alljapaneseallthetime.com/blog/日本のテレビが変/index-2.html,blog/日本のテレビが変/index-2.html,1,1,https://web.archive.org/web/*/http://www.alljapaneseallthetime.com/blog/%E6%97%A5%E6%9C%AC%E3%81%AE%E3%83%86%E3%83%AC%E3%83%93%E3%81%8C%E5%A4%89/index-2.html,blog/immersion-media-what-to-do-when-you-run-out-of-stuff-to-watch-and-listen-to/index.html
other,http://www.alljapaneseallthetime.com/blog/sanity/feed/motivation-for-cynical-people/,blog/sanity/feed/motivation-for-cynical-people,1,1,https://web.archive.org/web/*/http://www.alljapaneseallthetime.com/blog/sanity/feed/motivation-for-cynical-people/,blog/sanity/feed/index.html
other,http://www.alljapaneseallthetime.com/blog/the-righteousness-of-selfishness/feed/the-righteousness-of-selfishness/,blog/the-righteousness-of-selfishness/feed/the-righteousness-of-selfishness,1,1,https://web.archive.org/web/*/http://www.alljapaneseallthetime.com/blog/the-righteousness-of-selfishness/feed/the-righteousness-of-selfishness/,blog/the-righteousness-of-selfishness/feed/index.html
other,http://www.alljapaneseallthetime.com/blog/too-much-technique-too-little-volume-それ以前の問題/aim-to-fail/,blog/too-much-technique-too-little-volume-それ以前の問題/aim-to-fail,1,1,https://web.archive.org/web/*/http://www.alljapaneseallthetime.com/blog/too-much-technique-too-little-volume-%E3%81%9D%E3%82%8C%E4%BB%A5%E5%89%8D%E3%81%AE%E5%95%8F%E9%A1%8C/aim-to-fail/,blog/too-much-technique-too-little-volume-それ以前の問題/index.html
other,http://www.alljapaneseallthetime.com/blog/what-is-it-about-these-mcds-part-1/feed/10000-sentences-is-dead-long-live-mcds/,blog/what-is-it-about-these-mcds-part-1/feed/10000-sentences-is-dead-long-live-mcds,1,1,https://web.archive.org/web/*/http://www.alljapaneseallthetime.com/blog/what-is-it-about-these-mcds-part-1/feed/10000-sentences-is-dead-long-live-mcds/,blog/what-is-it-about-these-mcds-part-1/feed/index.html
other,http://www.alljapaneseallthetime.com/blog/what-is-it-about-these-mcds-part-1/feed/qrg-version-10-is-here/,blog/what-is-it-about-these-mcds-part-1/feed/qrg-version-10-is-here,1,1,https://web.archive.org/web/*/http://www.alljapaneseallthetime.com/blog/what-is-it-about-these-mcds-part-1/feed/qrg-version-10-is-here/,blog/what-is-it-about-these-mcds-part-1/feed/index.html
other,http://www.alljapaneseallthetime.com/blog/whats-its-like-in-the-beginning-and-you-dont-know-jack-or-how-to-watch-japanese-tv/feed/about/overview-page/,blog/whats-its-like-in-the-beginning-and-you-dont-know-jack-or-how-to-watch-japanese-tv/feed/about/overview-page,1,1,https://web.archive.org/web/*/http://www.alljapaneseallthetime.com/blog/whats-its-like-in-the-beginning-and-you-dont-know-jack-or-how-to-watch-japanese-tv/feed/about/overview-page/,blog/whats-its-like-in-the-beginning-and-you-dont-know-jack-or-how-to-watch-japanese-tv/feed/index.html
other,http://www.alljapaneseallthetime.com/blog/my-first-japanese-storybook-a-modern-classic/embed/,my-first-japanese-storybook-a-modern-classic/embed,1,1,https://web.archive.org/web/*/http://www.alljapaneseallthetime.com/blog/my-first-japanese-storybook-a-modern-classic/embed/,blog/wp-json/oembed/1.0/embed6cf5.html
other,http://www.alljapaneseallthetime.com/blog/why-you-should-never-ever-schedule-study-time-for-a-language/embed/,why-you-should-never-ever-schedule-study-time-for-a-language/embed,1,1,https://web.archive.org/web/*/http://www.alljapaneseallthetime.com/blog/why-you-should-never-ever-schedule-study-time-for-a-language/embed/,blog/wp-json/oembed/1.0/embed7c17.html
other,http://www.alljapaneseallthetime.com/blog/ブラじゃない！大胸筋矯正サポーターなんだよ！/trackback/,blog/ブラじゃない！大胸筋矯正サポーターなんだよ！/trackback,1,1,https://web.archive.org/web/*/http://www.alljapaneseallthetime.com/blog/%E3%83%96%E3%83%A9%E3%81%98%E3%82%83%E3%81%AA%E3%81%84%EF%BC%81%E5%A4%A7%E8%83%B8%E7%AD%8B%E7%9F%AF%E6%AD%A3%E3%82%B5%E3%83%9D%E3%83%BC%E3%82%BF%E3%83%BC%E3%81%AA%E3%82%93%E3%81%A0%E3%82%88%EF%BC%81/trackback/,blog/ブラじゃない！大胸筋矯正サポーターなんだよ！/index.html
other,http://www.alljapaneseallthetime.com/blog/日本語上等pod…cast-episode-2-script-manga/trackback/,blog/日本語上等pod…cast-episode-2-script-manga/trackback,1,1,https://web.archive.org/web/*/http://www.alljapaneseallthetime.com/blog/%E6%97%A5%E6%9C%AC%E8%AA%9E%E4%B8%8A%E7%AD%89pod%E2%80%A6cast-episode-2-script-manga/trackback/,blog/日本語上等pod…cast-episode-2-script-manga/index.html
other,http://www.alljapaneseallthetime.com/blog/陳冠希万歳！/trackback/,blog/陳冠希万歳！/trackback,1,1,https://web.archive.org/web/*/http://www.alljapaneseallthetime.com/blog/%E9%99%B3%E5%86%A0%E5%B8%8C%E4%B8%87%E6%AD%B3%EF%BC%81/trackback/,blog/陳冠希万歳！/index.html
